x1,x2
-1.4613413149182355,0.4747473063875063
-0.11979241108865589,0.6189978814137707
-2.6745789078536935,-0.1882575145977147
1.4134005724198029,0.6069813887735032
-1.5764114286668363,0.5446026992501936
-1.0823778032270865,-0.4238710180665617
-2.3719874411984825,-2.842619031745888
1.0677336655472378,-1.4325383232496358
1.6362248263311474,-3.5065820205123255
1.1195695296236348,-1.03641799682596
0.30466484324986964,-0.5947196193958174
-0.012924058653745737,-1.9675024170950373
3.1719742423901653,0.020919057878645165
0.3495649928281788,-0.41737125107394557
3.7115886895391257,-0.30372880667015834
-2.2251276898865777,0.8423887907136385
5.5062437148572565,0.19881021612950597
-0.8547152923098883,-0.7028686667481594
-1.3090018907790433,2.3721799375152957
-1.304797083779009,1.1179855958859708
2.389537451972937,-3.518431735745972
3.1207769716547804,1.8066952362303093
-3.8914324010595673,-5.70662374533971
3.604222574798044,-4.65417751511199
-2.125042383754613,1.8076389327384554
2.209392752398184,4.1235208314665845
-2.3970864668813023,-1.725820594055455
0.0634746060985127,-1.0798276889915335
-0.08692253769082768,-0.30388171472383296
1.3449469727106398,1.1328419455511378
3.1063646021813427,0.7843915369822688
-0.8746259108479271,-2.045908663118614
2.2417673929137876,-1.3328337899739517
2.631491501162946,4.653693932408129
0.10677922618224507,0.637056582360831
1.4895583270611013,0.9116469951015691
-0.13555370118264873,-1.973647659403548
0.5741184868513671,-0.8639514009731247
0.8341436790989969,-1.4916565974703404
0.25199564396218016,0.34982623244691713
1.1454477859148577,1.1999382307284863
-0.4379484387787536,-0.04601519205160976
-1.3865320364573488,0.9421921039279438
1.031402143229281,0.6524593762521637
-0.13733172513116537,-0.5828605092965039
-2.6935786853606984,0.3652779773615047
1.6321003822703917,-1.8535005622766352
2.08971313295009,0.6118678880674144
-0.8571305696393201,0.5495419060769702
-0.21175342963586719,1.0966642098027577
-0.32683406189278774,-1.056661555786573
1.9589901734035016,2.134931717763256
6.148201372830433,0.1930894570531687
2.185678713422551,-0.39800021888145976
2.1108733891059086,0.48908631518508744
1.6907087430783418,1.0903423015479679
2.1316909373309554,-3.2096523274451805
4.497272101131744,-5.718985997470954
-2.342219387642483,-4.428335415158031
0.6144414967339574,1.5996494542944655
-3.124498967787308,-1.2656276021867825
0.6599321897105827,-0.2337695906115178
5.007410857025692,-1.1096642324454908
-0.1446275702338499,-0.9413633970393805
-3.8297655277971265,-0.12827222521394122
0.17532738387627944,-0.47565267015518864
-3.986650371095749,0.34414559175829695
-1.468904174274459,3.6475218960384743
-1.4133526351634655,2.8595478801568492
-1.2587944972430665,-2.034218096142649
-1.2802758039276307,0.4562795920793459
0.4726682548100269,-0.7560413356246117
-2.5859996077950966,0.13314478660968435
-0.7739000508998439,-2.8573234318790286
-1.1406147679605985,-0.36788711268471974
-2.487991210438714,-2.8593488258648856
-0.31056338997283894,0.08402541016369236
0.84505075108101,0.3628094930876631
2.5994305377812026,3.0000870536818036
0.06389309345945417,0.17207135358774672
-1.0362392699041667,-1.2932532611149365
-0.6168601523020775,0.19354809681978036
-1.8644354278191053,0.3326289395260875
-0.6946530568210468,1.8075491903196532
-3.4825385550183707,-0.5060484295949347
-2.6939171649780715,0.03677088665017336
0.2611923165228568,-0.1748467933567765
-0.34960612297253263,1.2236383560005089
2.3813249537538694,3.1240826585584967
-1.4646574886978079,-2.2852329320793014
0.2870136873531769,0.8282608994834015
-2.7427262088098283,-1.8717322066773512
-0.6399653058745045,-0.32023672452716945
0.306352903402207,-0.8313338965009998
0.5060431484653934,2.896307078958652
0.549447939246225,0.03003574975952098
0.43518014049914316,0.7135226639099366
1.2544752785896223,-0.1827818335778868
-0.5906255850778038,-0.9262192590613969
4.426656125757918,-0.3869004564888117
-1.6561087081508188,1.5469943314550367
-0.77536188167451,0.7522541038828937
-1.4031696642826148,-0.8060374760515986
-1.3534883063392582,0.9512202190489041
0.9285897977735889,1.7967366173920136
-0.00222064821931646,-0.3626031050087315
-4.186112737110606,0.39510428885224996
4.87679040113073,0.2777414392124209
-1.6651992841290366,2.9775735080373766
1.2230803212074608,2.377028050153723
-2.9408767831645326,4.9219396795558294
0.6965017634508206,0.29879756504380117
-0.46528676132208246,-1.0787447541854158
1.2288758878944601,-0.7982167940848144
3.493157499176032,7.264344354412923
1.3757872815205159,2.985755505684773
5.205717683633261,0.2616063960413033
-1.6068764258175332,-1.4402312008451859
-1.2792082089776309,-0.8676203792975888
-7.230638312138593,-0.626427552736155
-3.393294163585825,-4.1264145056165695
4.069991758779031,-0.18745948217282343
-0.1332165261811334,1.011672891178223
-2.502290844360786,1.9321325115603123
0.8956124952519727,-1.148853997886075
1.7342194660689718,0.7952484988430752
-0.04752208522290699,-3.283325702894277
2.7866339490263043,5.3891356301087265
1.2762133960155826,0.7216237757813522
0.7913612067221039,3.1842455801063405
-1.0075667648901327,0.6151791054511915
1.781829224534151,2.1987544302223605
3.36285575207434,1.0518128286550266
1.951196347503294,1.9302280148627389
2.452449398613995,4.831483375921032
-0.10487095204362086,-0.8527824013890153
7.710757429734747,1.0991371078652814
-2.212629378116296,1.5488372421792862
-3.0126205489433135,5.769844019805668
-0.13470851958955568,0.7308326497159755
-0.534151700855391,2.4836788675392496
-0.3233902990870088,-2.060913585705302
2.0895379492185016,3.187082339251998
-0.8792684400615823,4.266897828887094
-1.376703313877073,0.9783660689465878
-1.3867671874571164,-1.3603133969705041
3.4975048171916026,0.11067182790957882
0.842669811861336,-0.5101057454321599
0.032155441608748433,0.3800927912375847
0.16277514467111684,0.02796153479713112
0.5596469127554293,-0.601862603359185
2.02187092307413,2.4818687073899866
-1.5144160391153043,0.21689496754479443
-0.15537844915115434,1.1831424449827108
-0.26827447082478045,-0.05822667847250756
-1.73487822452175,-3.801333565850771
-0.7687620761014731,-2.0888017160774974
4.786692476892632,-0.6636025961282362
-0.9793145515599505,0.7786844940096118
1.0152396588611992,-1.5496199628665952
3.2556967950311173,-3.4078935533242127
-1.2785144086550548,-1.4831548988238241
2.6160882827168206,-0.2459335908711016
-1.6623614513485037,-0.5566921396943332
-1.3703382429653455,-0.38523593402176437
-1.3348315670876214,-3.585100387499126
-1.60808148633746,0.27340604805145574
4.309734757002816,1.1768670117561821
-0.7247184518938419,-0.2501703484865371
-1.6323130722965467,-0.25022684918383
-0.42837882874704436,1.8542502937049796
0.1271470174535852,1.0676014307899424
0.3468228959969225,-0.41483749277759596
-3.522535142107211,-0.911918813496273
-2.3055318714968416,0.9378385973770865
0.27220451967777165,-0.8919938245633336
1.9485640282580734,-3.180683593333494
2.165740990131804,-0.7679179258970321
-0.07903758797570228,1.5651775995502568
0.6586157798942761,-0.5758803864220622
-0.24451355205325348,1.2007696592493213
-0.7752206840189444,-0.27432046878618876
-1.5827259865495145,-1.6119037314051834
0.8947999671815859,2.1727435852880865
-5.657136610739048,-0.3660020233249811
2.8338828304584442,-0.04592013318002435
1.8626116739982912,3.122332085432826
-3.3239730990357415,-4.117085160484322
1.3180008778740424,0.21361736348334137
2.0452222941753617,0.3454066634102763
-4.175108140209113,-0.10582505042595879
-1.4603525226478211,0.00267313273752956
0.285279514314481,-1.8060192426937252
-2.2488047316572195,2.3124036330139877
-0.3344076816745079,1.4659028292964293
-0.6806396680543765,-0.7283713678972799
-1.532589547932264,2.737842514174142
4.146008944421281,1.2705158695578447
-2.546960187162603,-0.3041571967080156
-2.932787259959994,0.9009543074104047
2.409367887581364,-2.5275495383841
-2.115724583365585,0.1675735720083344
-1.514481614175861,3.053744104489822
-3.04962975441345,5.9633432479980435
3.033173083357743,-3.262568952694591
4.66684984530888,0.7063556955033666
0.24392170099693622,0.23506976833176846
0.5493221002207278,1.1218093796752515
-0.6788645850746827,5.635191959819025
-0.5509095512734173,-0.6653133539748107
1.2471117818168316,0.6996345896117633
-0.6143559959075799,-2.870500484429825
-3.2615950982941566,-4.0467886849385195
-0.7618261691519673,2.3918809722449517
-1.7329795490663595,-0.4485649325541765
2.536112239463361,0.13822920585840417
0.31238262717850135,-1.8000031646233818
-1.9000711785758035,-2.1575360409648763
0.4745671934868097,-2.000209079515143
0.45384610105458517,2.504055627311124
-0.49572237006097397,-0.6883018732539365
-1.08139048754789,2.5403745404457956
0.1848639215866418,0.5613027742342216
0.4720869915933304,-1.7565573236515304
3.1442718304051303,3.267100412466645
3.5170053320840045,-0.2861651650559654
1.9480067039000324,-4.211655058195783
-1.9211758987576917,1.0685204901226655
1.9068030683251371,-2.7569872854129733
-0.9842286290403752,-1.022807428809287
1.5854427406375895,2.402020987524628
0.03775501569808568,-0.2601478015330407
-1.8612697445767656,-3.791278805590693
0.7290331648376125,-0.9172278618596155
-1.5684694144940403,-2.395068758919362
-0.9963231075511266,0.9357917967211277
0.616368624613597,-3.4487434506214933
2.2121188339197366,0.018559495480937254
-0.7315955006662899,0.17656361212796512
1.8061066025111916,-2.467853550116438
-0.05412491605202844,-0.6533948621208019
0.07278264056083916,-0.6233354102014061
-1.1762401099115194,-3.7847141066771575
0.49073292104624483,0.3361803635643733
-0.35734353472303226,-0.21663022902912352
-1.8085026397750752,1.0757078300282004
-1.4411752931909811,1.2554884213470794
-3.8366321711404785,0.25822005071202514
-3.062471485536524,-0.22238784288917304
-0.8946113356724477,-1.3089146716745774
-2.246961068902009,-2.619151569344465
2.1688122308409823,6.328493916901014
2.3818334743288507,-0.12489703307055779
0.026561950071354583,-1.9346928148078895
-0.6125150249853638,-0.15081334382768696
-0.5167450748874267,1.91684655667924
-6.866770194941877,0.19566886639098452
-0.5011282511520386,-0.10978735854811651
0.7206054855197767,-1.2225344343635811
-1.0526267528025672,-0.46484296656715496
-0.4967938971052487,-0.9399178355846843
-0.17267573412159087,0.07050453361792633
-1.8153244813618787,-4.142803587175395
0.09316724998157448,-0.19618156259728048
-0.5216483685522866,1.5188984009214908
4.3820885508782865,4.931300411894892
-0.2033782977181621,-0.6094684357110418
1.1093951849865296,2.645940361786932
-1.9899206662677265,2.6876632183520197
-0.45271527268611345,0.4755815411818705
3.1860927695629404,3.5682182430951195
-0.5289017268497713,1.6523609499987963
3.4239108514040044,-4.221159930034608
0.3963153999619234,-0.31579065581482
-0.5722976056181082,0.568409734518447
-1.619615595607614,-0.17133429710275971
-2.5428687023099608,-0.11507152623937505
-1.4504406498648903,-2.7161496686235713
-0.23782158042384627,0.17060839138791561
-2.26766248980665,0.29599350775868977
-2.555312643477082,-5.2282127428612
1.3083685113533223,1.0391087841470283
-1.6094695650327449,-0.3931368801890698
1.2507122268006614,-0.41755581151222143
-2.0878085489429794,3.1731983177515315
1.3344871696576026,-0.9361375803628648
1.2362338203679089,-0.7651290705159093
-4.300712005343639,-0.27965465370060044
2.2387529709509564,0.45789825889758173
0.7019215359389235,-0.5837127028717498
-0.07706776143644213,0.02570975383575401
-2.569914146633792,-0.9104266112659853
1.2563353286617092,0.12901955397972883
1.0383108426997993,-0.5039690197593175
0.28820593909393405,0.20178579502985555
1.4173928987380109,0.33660260890339466
-0.8338453699605727,2.6248507065572593
-6.592974373956013,0.8081591827523569
2.8899895532907287,-0.7743516292212492
0.4516141754463737,0.4703167271096258
1.0392241780551226,0.883734324051302
-0.09419654221531434,0.5518821425911786
4.927953110133693,-0.6073563148668137
0.7728910801844563,-2.951522276957936
-1.5570008600810037,2.4375921489070347
1.9362472753297304,-2.461679668877928
0.48184348765970386,0.3214132988228175
0.3611626788585028,-0.2526040077126529
0.4823918265442651,-1.0192859166753898
-3.408960591753171,1.1983688609269634
2.105389487663349,-0.01218393769362319
3.4988382162410048,6.949152927643176
-3.6257495233066375,-5.961627493364046
0.4693763655172635,0.49030412261725614
4.670696743974278,-0.592966006548652
0.11170817397125887,-1.7466858716915639
-1.4275816402435415,-1.8015177297820342
0.3494524020039664,-1.66529026061214
-1.8848448949846375,2.7041374528584345
1.3032080972314906,-0.20362976149392215
0.47058956046418576,-0.6307089646283736
-0.91797788603776,0.28651963648691825
1.1384467628461148,-1.2496804038169096
2.371468446276781,-5.472900451128677
0.9063999539637014,1.9689725997810696
0.48338260654265736,0.4041912027688671
-1.2422384857805977,0.9455873788369111
-0.4906173573421425,-0.9367999476171135
0.48555248872278217,1.1249752945389342
-0.8176136655388211,-2.8214190506677523
-0.3447025212779705,-0.8602211322634952
-1.0746217826064977,-1.97442285720759
-0.7041286583334955,0.2536258078010156
1.8758827923272132,-3.3701246781442267
3.3265088076265816,5.594921306545548
-0.3004709766193022,-1.8777008449635162
1.421766221751951,1.0112621393882095
0.04631372611422896,-1.140977133231746
0.6837482553536628,1.312543188100039
-1.0152617527320786,-4.874752047667095
0.6225859018572691,-0.7766592487922522
-3.5442035600402266,0.7225106623839154
0.6257420286145234,2.7398282078043747
1.1299975337678678,1.9331047710494569
-0.6643876732440186,-0.8525075998192937
0.893330479701639,-0.20204371599311544
-1.809612070887107,2.1044830732512394
-1.3874469383394192,-2.824348756661099
-2.2639068103810227,-3.619220553603652
-0.14582356715541062,1.0590602086505505
-2.894640766151435,-0.10745633014404328
-3.398774453554763,-0.7860866597662008
0.6987748529009749,-2.094469780661614
-6.255941358268205,-0.5044597400163364
-0.12220748500196177,1.019990403530817
0.29779780700295444,0.3224814907583235
0.09932531046136821,1.4863003656275073
-3.583830215444963,4.625078140418545
4.323109883232204,-0.8143698960733045
0.8170374861397791,-2.2460397609583467
-2.2101619488216313,0.549938368377195
-2.317324397727374,1.981329072339636
-4.476927411181441,-6.127662927592296
0.10229506196139258,0.41631595150548545
2.1920323873580925,5.277235087456515
-3.251885101103652,4.308217836606504
2.3890717787673372,-2.1300247247987
0.9555396304229602,-1.6197862454539735
-1.5583169917984832,-2.3394237412109593
-1.4499088591639167,2.608182424314366
-1.3196087450365963,1.0559432961484647
0.26633943650732506,-3.9331509680981376
2.425543487341993,2.276410435393629
0.7858102147738072,-1.5877109037439268
-0.3460158390744641,-0.2854490547176952
-0.17002113631505564,-1.2556258127640687
-0.5892035531197662,1.041157494351608
-1.2269484491212281,0.23173827757561663
2.788898407459843,0.4027063256797255
-1.5212031338672534,1.5754030176229923
-3.7493867696570833,0.24092308738360055
0.2774724780025502,0.10850777773919562
-0.7607516769760767,1.1166518228377815
-0.9941108621452284,-0.14649183453448092
-1.0647795567811196,0.511342160665308
1.0135072459098464,-0.6877016829777983
1.7876611053817295,-4.076697665557955
-0.42085506977755716,-0.640855190650767
2.435664299589893,-0.7148597897824716
0.5961036842898401,1.0524293691349378
0.7401986143625279,-2.2546954609540375
-2.4615793922415565,0.4994191003595701
-3.306557919143492,0.09437525365859384
-0.6766149143406163,0.8558478971561005
3.4226975417706194,-0.4068893062381435
0.6831935797722676,0.7261258114284864
-1.655872151143812,-2.4000782369043483
-1.0845030593431235,-0.8439559001348553
-0.30844907492440554,0.07372319119257109
-2.861219254086641,-1.5063036737977171
-0.20220128705897658,-0.3980289943255782
-0.3444160191887838,-0.6036859921693395
1.2952658943659592,1.7578603645817987
2.2350671233423203,6.343539393026178
0.4100176879512139,0.19278979691251114
1.3617478967541834,-3.257539644280563
0.921660735854914,0.6319720598993241
-3.2034088306533377,-0.7651372832768373
0.9211123881531325,-0.011124726637046667
-0.12273219256404931,-3.343816650906484
-1.9289794829170963,-1.0793746092649261
1.308879319283332,1.9066112226070204
0.30958424310244853,1.4975860669432046
-0.5505916481309573,2.6468966206958835
2.8649422377746045,-3.827767669369257
-3.686828150510422,0.07962103874997668
1.7338299173473302,-2.514012545315495
-0.2443069431019093,-0.1389299516536422
0.19905210815228153,-1.1360376004949782
-0.6041043796693354,1.7687975240417808
-2.0422365040109987,-3.694703248881331
0.35497323545457937,1.7297239821369887
-0.10006018800656002,2.6319786698827894
0.0346074195357188,-0.7609053081533328
-1.4403428244569496,0.3242982201334165
2.362994215013986,-3.7789568710838073
0.886649958206538,0.66741859542255
-0.1519883795352959,0.2732806393151621
0.1156838901568296,-0.4302155992356387
-0.34449944792071086,-0.14634719184086328
-0.6382712193834957,0.6398537430225864
0.7454780725470814,0.6723576862037592
-0.7520978707119922,-0.18448213931215274
0.13789171179565873,-1.310195312707803
-0.7918500820053318,2.014161855044881
-0.7752248053122935,2.9747205957889316
-0.8814672212482532,1.834355218553268
0.013829186570077149,-1.1073401009992907
2.6033311452701797,5.154926384759923
-1.5550335510831843,-0.5280382889209111
3.3055723580307013,-1.6783677850710652
-3.1160088463252067,-4.497150415786616
0.9805977888682275,-1.07757566746901
-0.6895074727080288,-1.0002852965461249
-0.3186263030333819,0.344301562504637
0.6449653648318381,1.8147428966369452
-0.6013505235330742,0.719701071256658
0.27427445015463375,1.2965835965125287
-1.7790472122589014,0.24135148000290801
1.2808906692250936,2.35118244437133
5.4195982363866175,-0.34566948043518464
2.9586395938394756,0.2981933770734925
-2.8886334784253616,-0.1464668700063531
-4.154306702206727,0.7005390748827672
-8.19907925090333,-0.5074564601723149
-2.6094672732609,3.1313295301612087
3.3827309260301925,8.862132881083038
-1.2999521473256423,0.67747677070887
0.7283396059422795,-2.0722081414930864
1.3061242228580825,2.249359519123059
-0.7961448394233916,0.7134779317816741
-7.670552235553934,0.24760740783097013
-1.8031967976023437,-0.5595339015467974
-0.7645716422811487,-0.9832710594274361
6.433424791768942,0.40329958756513795
-1.8364370113890192,-4.600702312128734
-2.0311792512524645,5.401284147382307
0.5499720280443569,-1.0827919925614542
0.279883030406246,1.3527183490877701
3.884671215094653,0.4179352256058224
-2.694205317609481,-0.42765140770527027
3.0859766583122163,-0.9499950970965434
-1.5068934587739244,-0.6085797163921001
-2.778585810128162,0.32369665701647965
-4.791283894752483,-0.40106343518919313
2.3921125648160166,-0.26035996241286496
2.553477759196549,-0.33704900542869176
-1.1424188029365818,0.5801017919900948
1.0382338629230037,1.3035849102076975
0.5572423074244245,-0.6183257886752066
-1.143406890823213,-3.5068589732825917
-3.677017795011479,-0.6371183550356394
0.5980880500157503,-0.7493570402864651
1.1583921085734858,1.3047974471863153
-0.4903581382325175,1.725315407502546
-1.6603464969198474,-0.5033593198229426
0.18858605936347161,-0.33188854344167174
-2.503813277588452,1.3081638136866476
-1.3210992349866792,-1.4840183582168642
0.45882439393711766,2.5891240743650448
-0.806254250073198,-1.8467543644373055
1.0405207194198562,2.3569791040478485
-2.8819534655226065,-1.4315123722449647
-5.64394316030966,0.4376386104723788
0.47353416443413465,-0.9678850302103448
1.6409827935048702,3.911373733831126
-6.6548700791249376,-0.856681252259621
1.012175093499777,0.8363238240638803
-0.37217140836706286,-1.8450409041703657
-0.8868674114871179,1.208045355181442
-1.4071925981987468,-1.0457782097299142
0.6937377406385443,-2.179111747053612
0.7809867264277346,1.739015230341973
2.1990220727913936,2.8323334234693176
-0.7281084005250922,1.034932775901474
0.16601913995051176,1.147903138427139
-2.2709756757185655,-0.48575279047648534
-2.4573547594469036,-2.0509305966738265
-0.8835871338638295,2.099764034048424
2.8621689251405136,-0.938015108950375
-2.8745219624198395,-0.05755806124512491
-0.5276095141039628,-2.1687573394698667
1.6394420857908674,2.5548717356193276
-0.7515066662630061,0.10187344580463494
1.3699862490045012,0.7167639483383104
4.282997077352898,0.674050294306753
3.179340420643583,0.37032672650435994
5.340354026792046,8.110744602285653
1.0886962978103287,-1.4620386688079072
-2.0791697402404057,3.83814078208857
1.2933390823183029,-1.048439755205116
-0.25740800746912373,0.6934092208299436
0.14807487828878632,3.167225036332698
2.8155036813782592,4.453145127174571
-0.14509491447703377,1.7177586000602743
0.5596875865597554,-0.09188119649085633
0.8821315565057091,-0.29188831781851027
-3.001866609715257,-1.8488767868347997
-4.8430545789487836,-0.9966688689522003
1.1267596737379242,1.7796558084357375
-0.6113539697934228,0.2965704702919903
-4.780087152576959,-0.8680253173407957
-3.745939502693118,-0.4620694000229127
-0.5434481983441217,-1.2211655341371266
0.4843658848779624,1.1838557111401333
1.1918974242897917,0.6460432026943119
-1.4602422590107091,1.576543266223728
1.5418478850919866,-2.414044902315734
0.7894392075170218,-0.27009928398114086
-0.14671808213689216,-1.0725546625557305
-1.1941448679583082,2.383472170522326
-0.8797719265843619,2.097340871065372
-0.07115838420961226,-0.38647679607846536
0.3634808609476306,0.5816248597294473
-2.659939280545973,1.87866060145095
3.352351000986864,1.0351986174111343
-0.9225213964703429,-1.4593691541987264
-4.2366241324904514,1.0297586848801221
-1.1793618332819136,-0.8666251007448981
0.5421693920776062,-1.3175294434907188
-0.17676972368301594,-1.4145708023498011
-1.5376283158015513,4.337997219759286
0.8247113857427931,-0.2454156673297041
-1.2602094034526674,-0.25109809674636185
1.7435118062411132,0.5965544760624156
0.19960031931287936,-1.1116109909153868
-1.9706912189611847,-1.454272769811667
2.326481510011812,-3.4357197212691357
0.2576075063747281,-1.2907692152295582
5.322442937660596,0.3899811721098643
2.0541450940246078,4.85661068760813
3.3708448669460584,-0.20723224417348213
0.09387866340766061,0.340827516562063
0.6712987344117796,0.8287984967649987
1.049893139937744,-2.341287442291283
-1.527199065023136,2.8167893121335346
-3.4512577597483025,0.387997290667004
-1.7680125023508848,0.6741812010193462
-0.7278037383074407,-1.6160766825706088
0.061594836050140434,2.956241152861298
-3.2997914458674678,-0.18684720530327584
-8.234757653021967,0.3593772858993568
2.6409051277680433,0.3466345345043393
1.4781758192703087,-0.9630693155263936
0.26753939013394556,-0.12343816757792891
1.6114907162061594,-0.25051811551362557
1.7092053718572098,-0.7335853434188201
2.3467892085836612,2.084278831325026
-0.9656625436945917,0.9431450007869091
0.5752501046432242,-0.5863810179418653
1.5476952965230788,-2.5725658056973306
-0.8273145520791881,0.4092176892759754
-2.2386709382479446,-3.234116455693264
5.807810837127499,-0.378412904330635
-2.6669681203841207,0.2109747919568946
-0.54525933498987,0.8170757224649546
-0.14168878769919516,-1.0532593111653152
0.05120833156761947,-0.2173845406913588
0.10244679197052028,0.10665248792440626
1.14207694452889,1.580057092083768
3.6373302899216706,-6.950701008457898
4.699037074678265,-6.319264256479424
-1.1244400475421292,1.1993498878530147
-3.3695553021649527,-0.7959365867253367
-3.155354783939891,-0.3073348055492027
2.3465328072194036,-0.3809498397469409
-0.522377597736157,-0.9619317447310195
-0.608098125295051,4.935650811980651
0.40188347275931,-0.4919757215695559
0.9590178820066478,3.2719465899499536
2.9458251176816423,-1.3107231170771416
2.867633909290508,0.09264011522905019
-1.8812340848207698,-1.2253785515137983
3.4435813599357785,5.301084793467058
1.8215643082110244,1.9315643346857216
-2.2384243752579844,-1.4459257257046076
0.40194059482562855,1.8262625734908422
1.2345636177262205,1.487858973965715
-1.1184206623922455,3.2129663071285943
-3.154136133898574,1.1890871553656999
4.893316849634289,-0.048671551829593145
-1.4688538624530192,-0.06507212816051111
-0.1215771525514,0.6199792656115324
-3.2579925877585763,4.770728548045195
-0.780460508672771,-0.16677238259520477
-3.293274168673701,0.0424503676261143
2.9708770817484225,3.7212903491987657
0.0552490539654397,1.1916582257881385
-0.08042086138113197,0.0631968861046439
2.033101287797192,-1.2905161664561955
2.894096474369354,0.3876931006872281
3.5240565533410013,-0.20622782581768795
1.62204103750925,2.049672234680607
-1.7777429674889385,-3.1867009100368646
-1.9702783085540356,0.12096468789854173
1.2792085931105093,0.6567731933235259
-0.10711166003893786,0.47354246915888104
0.41088724767493234,1.1921621934373787
0.9797775225657874,0.41355573162590065
3.7120596046869556,0.2519778266369321
1.8475698249450263,-1.106786509937983
8.318022084594364,-0.8461203235479972
-1.6815775179977943,1.2486601128847044
2.0056120628098553,5.622137150191623
2.8440219874074164,-5.767692497651767
1.2162830155892235,0.6981353396111067
-1.481817001836164,-3.6598304471397243
2.197415162097757,1.709618703308364
-1.1940991960738347,-1.1590766912993014
1.584775537608574,0.4608525222380708
0.1683589150092549,0.42307031345482604
0.22860328476857858,-1.9937783205270727
-0.4965403226247986,0.024420569412493914
-0.10732954859173714,0.8879878004062898
-4.110690020639642,0.6461386027152257
-1.8534593893780702,2.2372197203450237
0.3332215705832018,1.0063132164743072
0.6911561306671253,-1.0903442070087352
-3.336645728819656,-4.267910920043297
-0.9950595828541764,-1.7869159480648797
-1.2381313522459012,0.10770403591498097
-1.5302013086957595,1.7801480094915334
-1.6422715571674735,-3.801252065597357
-1.097917872845385,4.907985309984848
-0.3417660980152932,0.30623676683827306
-8.508194391749608,0.1988264639880233
4.997442344804757,-0.3005471834658855
-0.514895163142094,2.0234609948261864
1.8749081183594678,1.2845386175286315
-1.216080146483919,-1.4373085240666863
-0.7995528250096509,1.4564706339326092
4.566432935310109,-1.277841587720421
2.806160840239573,2.1491041216236875
-0.7093819883472843,-2.3058475317862097
-4.18031165159502,-0.8573975203940429
-0.12361694400467284,1.0433754202205077
1.7970241238331173,0.5591138681301652
2.014077932912625,0.7524733524381791
-0.3265366363235875,-0.2278805472151686
-0.006165113963738275,0.24738773060593758
-0.4727342502840995,2.524379277561545
-2.734811642957812,-0.2558540370425634
2.3724090413749765,1.6753466257329281
1.4544383821162334,1.4198056885041777
-0.20380632994231443,-0.3778202546907272
2.0958556434673703,-2.1621398394818803
-1.7901183296087033,0.3553083141454272
0.5777532358956396,0.4765140113548787
0.24842464600932526,0.880530109653382
2.5445253499708476,-3.6810882994172522
-2.1133948121250445,-0.5402699537705518
-1.6346460303689614,0.4015859478465662
0.676693323962969,-0.13454495185441961
-1.9166720360087643,3.3336772438123603
1.580642597821689,3.684786071716905
1.129035070223631,0.8465153756583683
-0.4855212641283926,-0.8404665571468718
-1.5056459406713998,-3.9756699131926556
-1.8302694078269,2.599449893564264
0.55829725386197,1.1380073802540203
-2.1955295005978424,-2.5640987045235186
0.2603639334764104,-0.22205529023451379
1.0785445766537471,0.038388203906877916
-2.445409500211164,3.7517818328185903
-1.5005654868143652,-0.2201048320179796
-0.03573103688291258,1.5038044697384718
1.4804741282184926,-0.5252022637900322
0.460773846317757,1.767411018108214
-2.0211112339891604,1.8926206181462804
-0.6317238315923791,-0.03507356700149933
-0.05090932964993206,-1.1211461040199642
-0.12304480723366477,1.8083750596738974
-3.055572477646494,0.522400798965012
0.8007103042962876,0.6325303722444127
0.780265553363966,0.512533872776765
0.8078319230412302,0.8325483270884636
-0.7860845863145973,0.2455079473502415
-1.9819430121818475,-2.073896682989451
3.1816498015228,-0.42908549389410955
2.784288130021777,2.4690878744862887
0.7311571972076365,-0.4642200674782916
0.8456254032820137,-0.5983419512718604
2.5452044982841597,4.05724295974526
0.9477049256731642,-1.35611446206641
1.3679714680790052,3.9244331744830494
-0.44387390003800475,-0.7508059514155959
1.3908405413073703,2.5663544637396587
1.8895692777208144,1.3132093799542235
-1.7056838198624855,-3.544310782578738
1.3902890590992312,0.44206733069683624
-0.05727314041384747,0.852509381556738
-0.24322294880848372,-1.3622830027631938
-1.1993043531754937,0.5500456005723395
2.5354708212420594,0.26530568391946935
-0.5629459446091983,-1.980949163008285
0.8113997701489162,-0.2377008677242723
-3.0190226059966467,-5.219262027654862
-2.397019061065262,3.3010675725446825
-1.4989699703964068,-2.4208066735694524
1.482121574069285,0.21181161642794583
-0.4728355688709142,-1.8940027609376977
1.3134207576327017,-1.3574380240205421
-2.8004808505883516,0.054979089147097364
2.932402010965715,3.6875616854677293
1.2415956772474623,3.8501654415395006
-0.7592401345328049,-0.5158078676160892
-2.8980024714246517,-0.826466711006765
0.6064696349636589,0.02608269841543276
2.7144135294932963,-0.2549213101632726
1.9774697823033878,-0.9279321057691263
3.4611128443771766,0.48126491426010815
-0.7352907060588881,-0.5997175223520776
0.6941595274082868,0.09967000256063854
-3.386003876355478,-0.17348721282144305
0.7152742975233278,2.097915537748164
-2.043168697652658,-0.9967992640652487
0.13363122362581523,1.9945958816525466
0.7599214281880871,-0.6474918627961352
-3.6977987002355106,-1.2945162253782194
-1.1159113678209123,0.15190745858294963
-1.150879310619746,-0.7813252886534214
0.6400956523898247,1.2601640934183869
0.30510686745628435,-1.9043820144036179
-0.3184976419239598,-4.167202437573638
1.4190394662859271,2.4470733194344243
1.5312279706733245,0.6644734761053415
-0.7889722615148911,-3.690218732129539
0.2595218368152169,0.5395235222663245
-1.0130602896331404,0.1130449418554973
1.7278090161287367,0.6600711175299325
0.8750070902418277,-0.22221914323304012
-0.6158095254959686,-0.1563866889491577
3.5132561271605014,7.344278962352833
1.560674172294552,0.48900236740516395
-0.7213044852134741,-1.2445584929050708
5.354643131678498,-0.03481721425033484
-1.1632719851981181,3.5875123098639774
-1.0571849770581827,0.47278882408205125
1.8755069243372677,-0.21838306128065751
-1.8013025435958914,1.588198918898728
-0.48280186779484596,1.3182613466675956
-2.478256332173862,3.6390901940950826
-0.5225086678083446,-3.262956270256833
1.4198547288408312,0.8214263946321122
-2.2461097851720764,0.9956681818506493
1.711587040972823,-2.9706110911270334
-1.3690729503564227,-3.8663035830561574
-3.4467141523114138,-0.47657018141225893
-1.321688725307247,-0.7563741109525712
-0.3195235423802724,-1.0562362333450583
0.3062859134055901,-0.06916125470750978
-3.7149344722643804,0.5514798663679897
-0.2749091977034555,1.1105505248488277
0.8536573076076601,-0.5784044133072572
1.967947999594791,1.6024866574137036
2.8099435720764645,4.560224699712073
2.0585373945296452,4.856196818637635
-1.5416477418601169,-1.2656060949989687
3.0181343429298058,0.50100810131891
0.018498874638528895,-3.93858401568944
1.1352857121235382,2.048016885685049
5.168048892254048,-0.18608795009806853
0.16924468160087447,1.8695920069284349
4.9811392100066065,-5.393446051398487
-3.435071294570834,-0.21997884181247238
-1.4109726043721968,-0.3778250707918248
0.31407541003440526,-2.859403079891848
-1.970771106393567,4.894037182686675
1.044756914943089,1.015485206819703
-1.8898188201620099,-2.5033067257996775
-0.18086264356227427,2.891596084140823
-1.1025774943004372,0.5871046380302037
-1.413263865716956,1.852839971304191
-0.9120461154704077,-1.2055754245575032
-2.247914839613268,3.4069306294229067
0.5705822137170561,1.4204020973859852
1.2537255274090668,1.27116593774347
0.5254578341436754,-1.011140535162406
1.37381670039947,1.7724737630629472
0.560143094253599,-0.1290373250206499
2.0101562218892512,3.481184203864552
2.5382186468679886,5.194265686048805
0.8743836811580322,1.5346157801742721
0.9580397983705903,1.3964801095355286
-1.2230389715682075,0.6916922285173472
1.368027446087356,-1.3657020976452676
0.556096669677857,-0.0701773858711483
0.30173154022418036,-0.5215984200783792
-0.9601367263191807,-0.4994817974143968
1.6890343975754019,-4.814830570976559
-1.6495399484097983,0.23832798417714957
0.062070750369015326,-0.42632678319428413
2.6396273427011114,-0.3714562566064482
1.899900799311222,-0.1284804831978098
-1.2525301788732057,3.186200581893165
1.3747639103774925,-3.03469496714077
2.9892819185583597,2.711012024513539
-3.8608928661413375,-5.126811606733773
-1.3221919663035315,-0.5865705411526505
-0.1286329004765691,-0.753431222545132
-0.7369848179907413,2.4043503946760616
0.8950132136418752,-0.21802800966868857
-2.4348380655851423,1.8821989610173175
-5.863444554013015,1.8686379235533797
-0.09168187710773526,0.7052345684860961
-1.6650631757929022,-0.2907315479387271
-0.15117257245774213,2.8637057926021656
-0.26546012103787686,-0.3328718052890546
1.271954668391212,3.290491952504204
-4.841650840571796,-4.289635217432998
2.312776416023452,3.6612259401937455
-2.4595010942981004,-0.1940783976562884
-0.07337360624951163,2.4966363089505115
0.35925398103242556,1.019870915860537
-0.17769444091991554,-0.8657795304922252
3.355716770523953,3.609608906875815
-1.4936293907717013,-1.9966106155346763
-2.4214406107012745,-0.14337557266613643
2.4378061465943603,2.686070005005016
-2.1773550844503817,2.154614472724109
0.2483339394813406,0.4112241264687994
-1.8968385609569556,3.4808867045108975
-1.684544092032096,3.122524415408781
2.232797615551728,-0.03741139833935229
2.7555205437488657,-3.4970197194168957
0.8298589298710177,1.3487513247392637
-0.322514841778515,1.8769512215910824
4.660784770325912,-0.2141043263494133
-0.14607514167085772,0.48928193478144166
-0.8337461064087411,0.4407787951705956
4.82997115868108,-1.1409881269208517
-1.9706407726420692,-0.7239259246005594
0.46692743234587547,-1.352533327442031
0.12316044302585732,-0.4690167836998245
3.954711910957174,0.05870567575850332
0.9589091320066571,-0.43466434013988575
-4.450304217208118,0.09142883255024652
-2.7486946011510085,2.9315892543396687
1.1947420621030473,0.33046041908008894
0.41210714524586317,-0.9230763146740699
0.8164237484607366,0.39333408135896264
-0.28929383720148555,-0.6709115001628716
-2.434186293628752,-0.5871180258496436
-0.2165009651221274,2.437421303557339
-0.7306393884269672,-1.556754319839587
2.1321160616147887,-3.575628533180722
0.951815542622303,0.08313275768186701
-0.5524926005819336,0.495465147890141
0.6468720873701518,1.380262730895217
-1.2905354651288201,3.6875573856885744
0.4286720506471805,-0.41272101541714856
0.13259477425218014,1.7159681335279584
1.4547405333078114,5.039562929489771
-1.7144989644436106,-2.9472073103158887
0.8163169309846866,-4.274342162802136
0.7487776867261401,1.3906204214880082
1.4108982453023744,-1.4280906602990378
1.248857546972926,-1.3671572717782605
0.7680564197756578,0.3443462153785861
-2.03968783936035,-0.9593083344941491
1.1735757401937168,-0.8525540801605175
-2.9207159623179817,2.5649936214097577
0.5390791707516998,1.4543002453969986
0.5368440187432119,0.18947224999902812
2.187822204161842,3.9979254897784484
-1.5534133608610161,-0.34890201344318106
-0.8753081493456484,-2.398244811455447
-1.399542794373225,-4.0512000582178995
-1.5709681023534185,-2.709496227291792
0.4471930768691392,0.13382432601733762
-1.7472994986598556,0.904979187878896
-0.12147733586512804,0.3984334414138228
-2.607689496489998,-2.2458437671781484
1.009976144976949,-0.8084060109775483
-1.5550171696855966,-2.4880095649272724
-0.2130260655567574,0.873901697772658
-0.19305133459403545,-0.8927250033171537
0.20007913552175766,0.8503230838555158
0.6628181954009318,2.143198313876895
0.5886208704953023,0.5439080368422107
-0.9190642538760172,-0.918718787368204
-2.216729330455541,1.3097167335832145
-2.9607556418703154,-3.6857080510998728
1.4043037589841367,1.2828649889921142
-0.4746137934859091,-1.7271081979034246
1.355701247604076,0.46156084257048113
-0.7481524719153808,-1.362362199498704
-0.06863696730168685,-3.064208793770408
-0.0622667982781884,-1.6844376137605237
2.5261149534394693,-1.6438619636199299
1.5344068346290132,-0.4868154095498948
-2.14484767156493,-0.3992053995658779
1.066000661532465,3.265124994853286
1.8577500527392967,-3.7027772951311975
0.9600957429346112,-0.029068357649168822
-2.0532260472600465,-0.3798544655432248
-5.060842356355213,-0.364036858754355
0.041423309493475606,1.4791378878528054
-2.1799758403913283,-2.4422822482639637
2.5899315696030123,-3.9912955495652507
0.5432886495248257,0.2795283674122903
0.4641202973351666,2.003994552135146
1.0155501075258468,0.8897363956213329
-0.693958038582461,1.0845833776187055
3.597124447647925,1.1021045367637337
-2.3689577904353754,3.4528956818736205
-2.0106392007624603,0.3704093626754326
1.4806502660528331,-1.6721770000702698
-1.481147726336782,2.7550730484666897
3.4379240568463874,0.7266610104996943
0.5178258819551248,-0.4499509100648542
-0.48993996128806844,1.5355669118672564
-0.3360523714222736,-0.5166836624118885
1.4242178812928195,-0.18373618558493504
0.13433704438293884,0.9192137265928533
-3.024706905707224,-0.29736611391080137
0.39233657239783354,1.863357509294949
1.4964755395025864,1.5746608383699714
-0.6577003925486494,-2.6555455687802683
-0.47760679214723356,2.075303477194934
-0.9959642056646996,0.20766892253616032
-0.6507187677592196,-1.404988195055996
2.8104014671926247,-6.428156920586126
-0.7467088130849809,1.8524863244772094
1.2519136148376384,0.050679142424150614
4.373904720423918,-0.1927877121651153
-2.0650130997806566,-0.009039455711545012
1.8127336944233075,0.4282804244802071
-0.06285487792737945,2.771083890624335
1.0273486587176246,-1.7305315398674757
3.530663941578602,-2.3960416013104697
-1.3426971902455997,3.724333905552556
-1.2861397190434347,-2.895050099926494
-1.5917480279094025,4.123980620674393
-0.16956793820678734,-0.08281351160170282
4.436452589904786,4.903917989496461
0.14150119289279456,1.1628369306895077
0.6232922042620852,-1.8920372903820386
0.03014262668630829,-0.8304365598648676
3.2486330386552558,-4.693051073234115
-2.239434300272824,-2.2268279808957168
0.06658056836368113,-0.4499491075378599
0.1083992058240841,-0.49083147248732073
-0.0259384188819299,0.6565815788684687
-0.1651844212882491,1.2395009163196833
-0.6840779951650111,0.7223404143151508
2.81334194825613,0.07626694424567462
0.36159427469110705,0.6988058999193825
-0.6063086789187351,-0.3058814796610798
0.9484721776507573,-0.8189821692015733
-1.7747126369321422,3.247330019624818
-0.22958806750553293,-2.3194819186472686
-7.221226233052676,-0.9843144249113505
-1.5376724850855257,-1.4507378239032027
1.1937188877537375,-3.212421532067408
-0.4762302407345331,0.6396513287035722
-3.022850806673093,0.1379573105342872
-0.8197536955215546,-2.327031359382559
-0.8420410503051625,1.8437954125396168
1.171771420375419,-0.11771450412363853
-0.3053616974246077,-0.6988791554119592
-4.408587790522839,0.038234457525478716
-2.052224280768034,-2.341142478647572
1.8956419883792408,-1.3676768121428884
-1.0322035708343198,0.33567196369400754
-0.3471727899893826,-1.716040665897413
1.3996417824912795,-1.721228589433246
-0.24363518955309788,-0.8703572989780509
4.484030596087408,-0.5763483023097241
0.21315327941322193,-0.7824980077403125
0.9547857440439882,-0.5823942021782923
2.711576645431689,-1.2576356200260825
-1.2549842269495266,0.4987450990218927
-1.502115343872132,-1.5772912695587646
1.1036735309226022,-1.4022112808711273
-2.4754684321329523,2.4180236035108456
1.4768798455238388,-0.7410479628039177
5.242371520177775,0.9745506268569457
0.627522906163014,-1.6672295135570048
-1.3751218853784108,-2.7317755770157595
2.450599489636,-0.32685251604741855
0.5553367583476055,-0.5345857605042547
-0.37207576282183763,-0.08375947152942986
1.2209284500211162,1.9409955408696846
-0.5394613000848818,0.4814033968203194
-0.1829011144290922,-1.2496449278970176
-1.8154184303512784,3.5702902852381824
-0.42729742468898363,2.1120602247743276
-1.9138645944613768,-1.5259141963843275
1.1465899283138556,2.41746156771527
0.9576705101101108,-0.5431390895553821
-2.5195643156041183,0.19513996449388887
-0.25223186273366555,-0.1434078652215629
-0.592811873362439,1.5191133334550577
-0.28111457472226825,-0.6323031385564702
-0.6613801783448688,0.5427253220593269
-1.8870962898734478,1.8308017589047045
1.0310635888027553,-2.2323305782029452
0.05753314035460197,-0.7854386122724433
0.3937959032656224,1.4439844292256026
0.18584546997091342,2.1051930069585385
-2.149348532969996,-1.3202348482662132
-0.7923847063127784,2.0827196011995817
1.1902703472152754,5.009209669548867
-0.8655883909155703,-0.4306102584330812
0.1302453921831371,0.3541387077119376
0.044304906970892455,0.1593850956995185
0.2682017468838501,0.26709550370982116
0.006234870563670902,-0.8396301213695092
0.9408737197082864,-0.47069246824390176
5.440916902085225,0.06459446719314081
-1.2516720260454766,-0.11536124355074895
0.9403058218754429,-2.457296674114655
0.784005230277323,0.28372355977808406
-0.47089181537291136,-1.1841681147312022
-0.4849840278512297,0.22574204512677215
-2.1438703682428537,2.7745521284769206
1.1641835988659575,4.381434980875903
-4.697057187518643,0.1937781423782869
-0.9354924241387792,-0.6032077091637085
3.204662786265802,1.7433722887957317
-3.179564442268024,1.2462970661132784
-1.5607093490651647,0.593290803866443
0.4427951438594491,-1.0760480155222296
0.462134484856779,-0.15246032110874475
-0.24071267622682624,-0.6391119566824478
-2.1002781700390165,-4.087400406849399
1.899947687985458,-1.2807160567385687
-1.2765823560656748,-1.615223283338724
1.4588379887531808,1.9159054982433228
0.4782917355790836,-0.47404362885457385
1.605067017643796,2.488411963355669
2.140365128094842,-0.4491974662035705
2.9059135777318676,-5.147770967343408
-3.1866931256096884,-4.272373967607779
-2.395256238061272,-2.22514443063772
1.4630383122384658,0.780049225798395
-2.1694287617301504,0.6824524377858556
-3.19152012128799,0.6047221027078798
1.62284652515605,-1.118647691277955
1.7935894724413703,-2.096512335919832
1.4491276743616262,-2.0446077045082527
-2.233124904083874,-1.17084042674535
-0.6014847766006759,-4.354966250249098
0.6012630515677806,0.9066791187412423
1.5788055689831078,-2.205648112781018
1.9552375873177008,-0.013075688121329228
0.8578740362193727,-0.6657303867413344
5.975790088338202,0.001468352463564837
-0.2498732455568171,2.8002033016454346
2.1581630385857458,-0.9757641328417234
-3.4129872745395313,0.6922623950086453
-3.5925903769802705,4.795828461138134
0.6061663291662474,-1.490153311902787
4.669071056002498,0.18583575929303867
-3.228769779012678,0.4137585121624403
1.414759754699428,0.18973126539655472
-2.327424533121403,4.676416307731895
0.2524060032753201,-0.9192624210582987
-1.8709690057833217,2.607119950327224
2.2903778085741573,-2.1761367079498504
-0.40697885120323835,-0.999456829447422
0.23781768193658723,-0.9201274569409977
0.12445907216468198,0.3912482540797994
-1.5845950087816445,0.4776948033358983
2.5345614019420233,3.533764530810364
0.5124418149812502,0.43942195846026316
-1.3668830058085164,-2.416335188209337
-1.5312421916007937,-2.8977615921198394
-1.9833043720337762,-0.11246643637038838
1.1821586068196843,1.3399065903956957
-0.44573701989604103,2.661500830000391
-2.6912834231031195,0.6440277646326019
3.658938342526225,-0.2647538412237975
-0.5114627987151065,0.5041312883477088
2.1061294144812024,3.859919341462483
-1.1097545124048596,-2.9674810188751595
-1.5569233751158178,-1.216536013996034
-1.4425697268922086,2.143614464016521
-1.659962494408605,-5.004425288725156
0.3946277881265998,-1.1714492909166934
0.02064491613158962,-0.8765778149390749
-2.4249050075889804,-2.957322202733345
0.3411332397962872,-1.3819575286949006
-1.8926671185275494,2.583379889840095
1.8244990643712076,-0.27993427260493486
0.3736696540152986,-2.442192033182081
2.2090308448763962,-0.41256898831282024
-0.8565361109433551,2.517534147909863
-3.270173247764571,-0.5284085983842399
-0.27241234550189125,-1.2119628233711492
-1.9778967002584897,2.533338236785536
1.013829728269106,-0.7161127673761674
3.753936772960471,-1.1193468201792571
0.33565542191981124,-0.5079985486958126
0.09890682953087138,0.33424831402538324
-1.1719430892689784,-0.1400569441624302
-0.09430488782979177,0.9878124586234668
-0.32419700191277,0.5081970130579114
-0.3058027579509638,-3.045079275802445
-0.8292738642341215,0.5505812869359937
0.14856246101676807,1.0169475192021722
-0.6719011637728525,-0.9013071195082314
-4.925025047731923,0.09353768332533217
-0.5081431521104086,-0.14051304042568602
0.045998174953861326,-1.0670519278272423
0.0083923909767682,0.8316803993340687
-2.127418532731251,-1.3589707757071423
-0.6205705031892468,-0.825137255348801
0.679050799049582,1.0828937510979975
-2.4020727846281327,5.009819754663468
-1.5800719266188745,-2.237564390244614
3.5323839637993992,-3.8198856405236907
-2.3717503124205104,3.8612583383118793
3.8080669782387675,0.45333723429574313
0.2797137016127152,0.01914969909530856
0.32053002983629614,-0.6215010245208409
0.6464168962866468,-0.35413094292039826
3.179224274797824,-0.518625554825145
4.605123172296589,0.10702077154026858
-1.1887251545070596,-1.3564342843622466
-4.768634656062149,-0.08740533440292204
-2.1050141520524304,-2.8200694732998315
0.25440332952128925,0.8971470926381668
3.3276091291671004,-1.3319728137886528
-2.1804916699106336,0.5004608517051752
-0.8116032971686425,0.23729921867887616
1.7405674501162782,0.6170311126526136
-1.4139291940804928,-0.3864156484130825
-1.796823621294101,3.7920509379737144
5.340125018322357,0.020832151224165044
0.39308127732846243,3.0639306846404946
1.559743765709691,4.827349775250722
-2.1700516895059074,-0.09571794025844746
-1.8065169701831723,-0.10879851912478522
-2.037196176030937,-3.6379913458812876
-0.756095245380182,-0.1234459804505561
1.3112604518693738,-0.9281439815737931
-1.907545648154489,3.314481292190505
2.5250679750888643,3.9751347864589666
8.67542432307464,0.3163124797956262
-0.6493878021046132,0.43256400789687677
-2.8873547587791073,0.43226154327097316
-0.7831256724315016,-0.5272933388506602
-1.171889472612216,0.22443568424187998
0.9287427803104881,0.012507447268749361
0.6218117041194285,-0.7436891465939522
-0.9698223984361459,4.0675706642515195
-0.7999646322107191,-0.7685823193411266
3.562800250360859,0.24217479091212796
1.9425021788855772,-0.2302225693304228
-0.8032632425017763,-3.0768712055916696
0.9563995846370159,2.51836053249764
-1.8207871033417715,-1.4867063754506658
-2.123829649917775,2.054782019995816
0.8900492522420704,-3.338402309294681
-2.779140303798267,0.13383523512960446
-0.5383075202598772,0.5822130695118158
0.8874495332820093,1.3883522006581486
-0.7120373999587517,0.8221356814690086
-0.5713719944684765,1.622756709826417
0.18027798821017302,-0.13706900001488392
0.02469013397826575,-0.760674300641994
2.604722735653891,-2.991270167273314
-2.6965432266003226,-0.30745971147747925
-1.4911507125981942,0.23971191028992514
1.1470702047286698,0.44285327889784054
-0.41999152832549536,-0.9787101415112274
-3.8560362458739315,-0.49416579000956734
1.031751621342973,-0.7067343695504265
1.7418356339315144,-0.47127413666476736
0.786247341380171,-0.1019398582980547
0.7008762329769573,0.552779776998469
-0.9477920455767858,0.9387649305504158
1.9350465262146275,0.5904318580521094
-3.5189564506790276,0.45985500450485567
-0.5511219830961214,3.1123119614545836
-1.1104860076642211,-0.6096282193830701
-2.5403990745145615,-0.8436889456477027
-0.6572720419263622,1.382412809092276
1.9495227618708904,-3.524886081700038
1.462691043712056,1.753778450973313
0.19132816498293098,0.019514756911086173
1.4104410895362114,-2.863840138966112
-0.7677180558066219,-0.8454676457751517
-1.4407666378513337,-0.8432008502001798
1.1817062147561865,3.4461825848529033
0.09074372816829838,0.23250700485222636
-0.38938068190045577,-0.3033529863594159
-3.205688812282179,-2.6158860319617814
0.4630838198819843,0.4808478692257876
-0.06023880085966696,1.014352615427957
-1.4313693675018069,-1.2068444370824203
2.855385578007837,-0.845806901264644
-2.576679536906147,3.216443433057028
0.7520760660286975,0.7980409473567827
-0.0347532541535758,-0.3828983833819553
-0.12023152415478695,0.20966126441439645
0.5779152018482824,0.09748364265737042
-6.993740851876676,0.9072683523312746
0.300210561935835,0.7230748198203205
2.143217543963111,-0.37791635411165025
-1.2743245479938905,-0.7906796130071069
-0.14597636286738322,0.13657679420482605
0.7592761043714861,-1.8505670964872316
2.690649397770772,3.7533773139723254
-0.46350009431223793,0.33021000304853126
5.830251431061749,0.9861658235977052
0.4923595369727635,0.9554628848149369
-3.6006065970292056,-0.8467144005190245
2.675590603432124,-1.1885473588809254
-1.8382803315003973,2.186271007417774
-1.9890244419936447,-1.3336345216709402
-0.8345118237522271,0.6067126176735447
-0.0974426505211789,-1.0833856836163835
2.6918098928388354,-5.647951388137195
2.8824813309123494,3.4962402026412134
-1.3024990745798046,-3.8912998591965833
-0.7705502648909499,0.6272626059673365
-0.7751706689801146,0.41094778090667305
-2.6370370503883263,-0.08613561931444513
-1.3476214770544477,-3.1129441623629845
-0.3379189286970321,0.2893881185823165
0.46285546630319463,1.2543769572254613
-2.9326019889124555,-2.795260947900246
-2.547017563035111,0.2911682073172329
0.24406690654624186,-1.403473191707148
-3.8423127354354594,0.8056465972420939
3.1281199671318083,-0.6005073661359736
3.024254734732163,-0.10413955321763418
4.173602485759467,-0.14730246325820012
1.8513119648118084,-3.844231602438267
0.14747996182864756,-0.5514512297176809
-0.7199345922451849,-2.0437674622092166
2.7997697904889773,-0.5920742231508264
3.8262792560794425,0.11691285811320706
0.19332989184255328,1.854612174605333
2.2186650821951277,-0.1588661107644559
-1.4918283968198347,-0.10868129937264293
-0.7198690163605129,-0.36098508184622546
2.1305431062358746,-0.01298913080311484
1.9760485651274733,-0.2916381572144324
-0.5603371605078931,-1.0865850042968705
1.1690978738081905,-0.74687535216611
-0.3586751329645732,1.1754420102359857
1.2469222156815059,2.8203494715016366
2.188305248067703,0.248931111739656
-2.0974277659530944,-1.3264958380456469
-2.296903343484894,-0.3558283907987081
-0.7960411354646193,1.231484169314122
0.8133522070269558,1.6872602508798606
0.983399434090389,-0.7990917231351982
-1.8378457159411843,0.004493766054571857
-0.7088021590390532,-0.39311521867271554
-1.5074698779492515,-3.2372152451274374
-0.6103163880878212,-2.0835644744631305
-0.16854949714683812,1.1105449428016356
0.6240012734767852,0.5888322255043659
0.006706241698675517,-0.2757963808204547
1.8531979812481842,2.119670414775642
-0.807523546043838,-0.7958517837416184
0.7863605607207023,-0.0016816453922607888
-0.9193556572433155,0.47076361140576894
-0.20429810876345839,-0.802402481508091
-0.4742361660704807,0.35781343414400946
-2.4895550336320453,4.9048525732441925
0.014398396370915412,0.510880286764508
-0.40114233105863384,0.47253923591757646
-4.400026622591773,-0.3983619920727114
-0.6158197804596698,0.45038498843930624
5.616450231673016,0.15458689985644036
0.3390417228428399,-0.5117658196393351
0.10222447988973547,0.5470509886448072
-2.913687877071595,-0.1927437456732308
0.6590775619490767,1.0664963392307336
1.8627738691693196,-3.176332293396996
0.00826693306807034,-1.2293306565773539
0.33606524309203983,-1.145208065340124
0.3675907963875695,1.0610014101599408
-1.1073462832781165,-0.14065660015924886
-1.069893520197593,0.1449228346127629
-0.31662683991402063,-0.9339421703593505
-1.0620040239846262,-2.4396240082040626
0.8679851469830298,-1.094214959766316
4.186624672651684,-0.6375257566745021
1.5608763065302462,-0.13401228204727725
1.2035597989503384,-0.925753965913734
-2.857383898651267,-0.563492596459659
0.5699685683931243,2.2467081274690117
0.9687086751707283,-2.2593592263035256
-1.40546626323959,-2.2908825031000655
0.32754489504942186,2.0970467016014944
2.0723932109340475,3.5445972754284503
0.2556012781234238,2.8808779074455972
3.2811776004778546,-5.462309730460372
-3.3560676119447366,-3.7270958416335853
0.12726898180739132,0.09446164668976693
2.408656699079243,-0.9024318680010968
-0.07634176016781472,0.1156026039831873
-0.4485349087889561,0.7509047424937235
0.19569225860643075,-0.6413565033516048
1.4077108460673728,1.2346662055262438
0.7984973866857923,0.8830010928229197
2.1906644096184062,-3.939228170515246
-0.8337808835854121,-2.222431944770282
-0.5496187614489402,-0.9078773642243889
-0.67722241840004,-0.021400896055812572
0.74438479058281,0.3842438264503906
1.8536356184186091,3.4211943071325037
-3.5629178267945583,1.9664397655175265
-4.432906496171866,-0.8198379046119086
-2.5716992679197537,-0.842501251898348
3.490052506996994,0.9033435243479899
-0.4037026165630933,-1.168343456325573
0.4472886678146128,1.0184129197170264
1.8283941548893767,0.8146593612490896
-0.3731849193077363,0.15418837942886143
0.6669207068756428,0.8060104680720177
-0.34310456031636916,0.16262846522388702
-2.0097561566805915,-2.928272540040691
-2.0314019797313914,0.011938519226015763
0.810057336790773,0.201887280944572
-0.03760295912398458,-1.9371362970513346
1.7798220007949008,-4.020102794511599
-0.49391252788441264,-2.3187000034770917
-0.3252974775927596,-1.238940510176897
1.9950688649345563,-1.885241931941824
-1.6556159516014182,-0.5670494710801344
-2.244558099037662,-0.4899617344282136
1.4811220741853273,2.8283624963806475
-3.0717359174402596,-0.8200308526303711
0.5497819333532715,-3.2668526818562187
-0.2686624564525789,0.20882674356097355
-1.1920933874824433,1.7006884481370068
-1.7287312181882402,-2.8037623605838817
5.028029309150193,0.9544477521363802
-2.045853921123286,-2.0417597711740982
0.8848934104081889,2.0766120210069836
1.8320373321465961,-0.47824259612335823
1.4930954314105287,-1.4971186290172351
1.711810125069762,-0.3544730461083479
-1.949663462177386,-2.13452331780887
0.4799557392931177,-0.3464179548122695
0.06700167407539219,0.9629086920619225
-1.2164139239942944,1.4899080702178817
-2.8450699114768083,-0.6075830826389753
0.12559365460333125,-1.8226361186773212
-0.5663252668301193,-1.2289836521071573
-0.8475600696447481,2.6391641520633
-1.4004846217273388,-3.901042970797069
1.8320849073048184,-4.676890087032994
0.9527138005763072,2.5119548558066764
1.4009339831124041,-2.2025635000117645
0.16841867855753748,-0.09130699154590266
1.4869406126433735,-0.15381889267682558
-0.4046540884514473,0.2970554197476788
1.4559010753568362,-0.4435980545353374
0.17827345218858595,-0.025376899642526346
-0.6610278649739565,0.9274349002175116
0.9000911238839896,-0.7739018074573654
2.2365359395537157,-0.7885266527472462
-0.20963326723675407,-0.717890358956466
1.5238920510890306,2.8740436136755467
-0.21258415759929444,2.9562366283462524
-1.3296960107488718,4.754310715352608
0.8018044598750645,-1.671602756856951
-0.9258264953754164,-0.7344181893564781
0.12893367519999474,-0.7453701426447167
0.26593128276407935,-1.0022926430334214
-1.0216015439456154,2.228007690141526
-0.8404536131408821,1.2796182547408115
2.1778027604098362,-1.2248061235818186
4.836358336635347,0.10992915044533667
1.2882506720503324,2.771394022834659
1.1196898319469353,1.2220098474271994
3.265049344984722,-0.3446415950441525
0.21751874719703798,1.4587252471291257
0.958102999502309,-2.2854114334658386
-1.6820017003418868,0.06775807988678689
1.2972257992615555,-3.1784079025290835
0.03603720506451843,0.7721964831961978
6.245920966122224,-0.038374854495902215
-3.5761706976439642,-0.11992044756956896
-2.125793043486183,3.6720028432408407
1.8871932753046687,-4.702905889460741
-3.755519711639481,0.700123812651831
-1.9403481428468297,-1.1835912838865386
0.04595368891681724,1.4469571428765884
-0.2576235464654929,-0.45708098728868746
-0.4523377147246993,-0.1853796823645726
1.6060408320288977,0.31771978440474685
2.3404250020013673,-4.601717088114477
-2.8022227171078478,1.1805771055155458
0.6107970625315573,1.2713496014526637
-2.21676694318641,3.957415647377129
2.244040858315234,-1.1398832727191008
-2.0968687734131137,-3.4402560766921972
-1.0464530415298592,3.7941861044404943
3.5904516954096177,-0.11663752973604657
-0.35494257395023165,-0.4324362579299974
1.1526014356026877,1.9467495570024096
-0.5957115267218178,-0.9941864445526882
0.02101809221667225,0.7270866860289474
-2.247076216696481,0.6288040489062391
-0.23792880357149293,-0.42631838518699705
0.6404337311515215,-1.1212320383799548
1.6649216793596988,-1.9094198349743046
0.22251961113126914,1.3505833827313036
-1.446892889290603,0.15317185783741943
1.0336538942025453,0.364185487403649
-0.43600042691620416,-0.2011224788893855
1.3216229032449445,0.07114005179685107
-1.2810310486452805,1.0963013323314148
-1.371595834770716,-1.7237770853087255
2.671547625483705,3.16988644684682
-0.5075660344506548,0.728413037063269
0.8896615007225327,0.2424460222253693
0.7504847061486127,-2.027594389625059
-0.7148599402556038,-1.280337447647582
-1.36519042838029,0.36322529754418287
-1.6519678683925192,-1.3887062287565883
-1.003294424654019,-0.9287999367800195
-1.7596263107942045,2.9202470057279752
2.499798237175784,1.565474176952469
-2.076326321573781,-4.163780981559122
1.5113222181205024,0.8809953746094015
-2.520501627577284,3.209755823116365
-4.679022496494484,5.185204530807613
2.352882266239516,3.366530623087227
2.066533793378863,-2.603938231297962
0.8259842855671455,1.6746155491069463
-2.5709632120994668,-5.382371813031561
-1.7623029308201192,6.461884533751377
0.9708162709030492,0.44659240920009136
-0.31227703640827614,0.8820007711153943
-1.9154219751535553,3.0391936890143416
0.021095881003372518,-0.22776178276837833
1.4951208920943477,-2.40829039378944
-0.6607537055970902,-0.6419406200256379
-0.5227652881293965,-0.7005064081121193
2.6856458120969338,-6.300820194763073
1.095616178655054,0.13201286850442495
-0.617423283492711,-0.17921320898421242
3.1203838258830072,4.946593934130835
-1.1001009903159458,-1.0081478050447044
4.072033423455431,0.8485403807298694
0.8400529949106941,2.2594415007817776
3.7073450213711316,0.13567382187866378
0.5497708141595354,0.22100210187835934
1.7450182612547804,2.3280083732900523
-0.507669343292539,1.2223283840221026
-0.010806454068679276,1.1695775528102896
-2.203055288175362,-1.8680543077792438
-2.514935194027493,-0.5434998788614432
-0.5369828434857248,-1.674530452584568
-1.277384639046233,1.5914299654655433
0.22108213749311964,-1.237835912372893
0.9468865869697287,-1.4957784023918452
-0.059309656037932396,-0.4526221145569675
-0.7447302227288289,0.5456049806594128
-2.1077463638100316,3.272532962672318
1.0332886002767905,-1.711346203934638
0.883549231600226,-0.6830182776869064
1.6167773334385682,-2.6506446030037814
-0.39979637906442544,3.119793689118854
-1.3707121789392525,3.251623522326898
0.9827539834376678,1.3351301557319355
-1.5441086373330615,-2.5607156226739543
0.35268274600614197,0.9997640544598937
1.5153547139220722,1.504559880489473
-0.20353195718399955,0.9424771938636671
0.23892717920428405,1.6446671106757664
-2.5349133577853635,-2.2834308280022846
-3.4449041982204593,7.794075990807235
-2.9798315234682105,-0.5744737556996471
1.5747615248250149,1.5347440202268312
0.8449349610062994,-0.7641403223640435
0.9860673812545315,-0.04709586320282466
1.8348217161788318,-0.27595735871323174
0.624876658933644,0.06258641784772045
0.3719664176546034,0.2451548833409748
-1.882792676564012,-0.6045982712296599
-0.5391597384654212,-0.76538409234713
-1.2256493296627715,-0.9505167999847246
0.5998390919465593,0.6052050636323969
-0.5582276400576882,-0.13778891360488954
2.0664966169165684,-2.4247379453945817
-0.09575070056784583,1.0698499184288073
3.536782980411363,0.2507692281575519
1.5204561491768291,-2.5319545211224583
2.2743372036894853,-3.2441348030887642
1.3329025061328947,0.5004835006267012
-0.4106699835048693,0.21790638567523724
3.09298072316422,0.4001975243728776
3.397802789165441,0.9400195201462478
-0.9656229578373119,-4.180286746952969
-2.1303364076854394,0.42766594460731433
0.5728938366271976,0.426558969582751
-0.22265602631260223,1.7522861593127161
0.480571440428863,0.739823668064621
-0.11716698682108144,-0.6150150336363329
-0.29227579275574517,-3.2585614345710656
-3.3962784070130083,6.731943646747659
-0.039141672274228705,-1.0101620088615724
-3.432717302161408,6.503934960928869
0.9367034430241958,1.789981292452044
0.40353653782363075,-0.16903529597752046
3.172817357298862,-1.4512365770127795
0.5373231095593457,-1.4451873670247646
1.8637512705756765,-2.282128401331535
-1.4441995049926253,2.9271390319591557
2.113148382128928,-2.2168319996588886
2.285375778480344,-0.6002570264510572
-2.330993333069906,-0.1549661326876117
0.6491185439299674,-0.027123182596732298
-0.41729302964211307,-1.175544895203329
2.325747867192418,3.483677410442463
-1.187599673676618,-1.9972280367043516
-2.1476043436717895,-2.572956162641434
-1.4194697689801048,1.8454530638240167
-0.9541735503634448,1.4946945847246491
-1.100234640819748,-0.3925891202578986
-3.4880240291826508,0.6313366018466612
0.7615792938634033,-0.9336410172305291
-0.10195242527347564,1.034535329112548
1.5843796646822441,-0.1331218597968955
2.281731154782393,-0.715381851210599
-0.017541720448947723,0.7447358950928579
1.0525236154661595,-2.862165578353367
-0.018049304456256757,-0.24458177043009666
-1.9049554259384391,4.02358653401231
1.9973215625136096,-0.44884184360465634
-1.2599257160560173,3.9051224192985154
-0.050949243522997886,-1.2390739553655878
-1.3939991344658185,-0.3678183314809077
2.238400770897442,2.373612869349439
-1.5720794458568679,1.0642084456556855
-1.1101191337453227,-0.7707440251434652
-0.1103606538839168,-0.7915284456881693
2.2076156261071986,-0.48193641504973445
-0.33474018748395834,-0.6457185651488982
1.8956530413254158,-0.5149401361151997
-0.28917155638176906,-1.8854877772981744
0.9609022072402478,0.9812568030796347
-1.9408928750703691,-2.9743958278256137
-1.5883311235682778,-0.011497411676278081
-1.4112339476188416,0.3056226195874443
-2.575143246801624,-4.472802104246167
-2.2967925878837474,-1.3484892125307504
-1.1822508788313693,0.0836439445489523
0.6736997530687119,0.3553332483632333
1.548663407664365,4.598035578354709
-0.4875038361836619,-2.77941943722686
1.2896611426796927,0.2246452717588586
1.0899252806118038,1.7268875200778173
-1.549551359670095,-1.49008236129606
3.6120215329023706,-0.5068136173432941
-0.9098237075334367,3.5525765600713726
2.1876345485462507,0.5505841199439546
1.134012559126934,1.7909967981864692
-3.033320981809541,6.187229711899431
0.2395256252929805,-1.7053466452948787
0.9146293927342567,1.258485645415159
0.013430561832790485,-0.1471130073109722
3.0214236373649124,-1.8876158784944632
-1.6863752197672712,0.6593963481008129
-1.5168035884835938,-0.15378125001903045
-0.05223767695867627,-0.45873540230978804
1.0224264099784555,0.45697651063627176
2.141944925267062,1.8554865554683795
5.460331512943285,0.8279049871429248
-0.7427107429247868,-0.9889714559355367
0.031758057405155735,-0.147985766261503
-0.26746548612535526,-1.6030132036744256
0.6027655798078572,-0.4438452242730164
6.455775153656088,-1.0959887315386982
-4.1167737127274195,-0.7220182916183794
-2.473478964384553,-3.866609849526697
4.72646047633199,7.5400797642969035
4.451690333972862,0.9809365876004945
-2.3824324018224847,-3.8864821738268565
0.8660502585671771,-1.1870886358870667
-1.2720235812692375,-3.261866832782869
-1.6624474819513848,3.7517488648237114
3.5224856658765953,0.42372566869583045
0.9270631865917716,1.4972766515486429
-3.056825249407956,-0.5746296734121131
2.182852509859643,-0.6077195822625088
-2.0091885738013775,2.537023587017214
2.460395526382236,-1.3755867161357227
0.3750931749127837,1.59700119627343
-7.143012653405372,-0.5537316373190957
-2.1868547465876342,0.30972093584003124
-3.4770833235878995,3.4098357801646415
0.623424011758757,-1.2295433237014426
2.765961891486662,0.10864910908937242
-0.2363835639091659,-1.029632531201781
-3.2202186123214473,-5.3520096612094425
0.6111187556636456,-0.3480176147332369
-0.21427723573925317,0.4003803532004621
0.6666812176879724,-1.2047912432167047
3.853424659491164,-7.283813485458129
1.9279096226971701,5.428555965390922
-1.2573413169905228,1.360645100219097
-0.23663363177800706,-1.5706623012143723
-6.573041381889273,-1.8020358171975754
-1.298999248411701,1.4960423175986286
-1.3658752782919146,0.7120227653065159
-5.15130884608801,-0.18997470573123396
1.8298739891694984,2.075610780259672
2.2024973446770675,-1.0968719020775317
4.238696082445977,0.04431610395416411
0.004844401854310216,-0.7016789626024382
-2.6215748217093986,2.832150775169743
0.6022750925785892,-1.5825000337368795
-4.011281414589969,-0.2774307291508
1.1751034784588572,-2.432727063388824
-2.339039468985189,0.1745288191168758
0.06837116596997339,-0.6879698554692042
1.2666962804508708,1.8387694709050426
-0.13172610072537863,-0.30080271244195667
-3.541990536794651,-5.1762851492415844
-1.2544315289094221,-2.258994149245997
1.3728617404906953,0.752755786823389
-1.2852000004881852,-0.29372585506005033
-2.8541673423685836,4.158183658176757
3.197932720216048,-0.34804824880767343
-0.27400253440487327,1.9723115833407214
-1.1518278890125768,-0.4286696348606376
-4.5027791793115775,-0.684934891012937
-0.08500915316595149,-0.4714860185976238
2.9709856920382833,0.12604196208645288
-1.7488266979178704,0.3932512674018174
-1.3258157606247172,-0.9662393036207642
1.019590046765092,-2.878427852591261
0.7690902930974671,1.2645452955284837
1.856863994178896,2.818970341603154
0.18130568334423827,-1.8307736996826225
-0.07909710404566113,-0.8640761702981649
-0.992841641857799,-0.01789397367011758
-2.4003273438399626,4.722517573695937
-2.9187748286968556,1.7057155881613815
-1.143519789590365,-2.2552078087039993
-2.201851509808523,2.7986943914925666
1.8033748131558138,0.8006987333855875
-2.2794446698351085,-3.343890928843248
2.130931274377714,1.235662023907081
6.251096674651818,-0.01129894114089504
-4.032178371475109,-0.35956147805198313
-1.1366946097996233,1.1975220015853867
0.29519276554017476,1.0045079651222255
1.0276647059946367,0.2594173413429961
-2.2779249963327692,1.1258077291823063
0.3438639451369496,-0.4773689253162111
-1.2762089063336743,0.6265598561902519
-2.6010835241871786,3.4343283269443354
2.1769374104269854,-0.8151661185192588
-0.09313969874828586,0.4007043278241304
0.9174966690188561,-0.07179628255645844
0.4774269374091583,0.8672883809824855
2.4303642648028227,-3.4821305706538976
0.4273110721292465,1.7057200471854725
3.188679214393146,-3.86534117710881
-3.032305845850072,-2.053848607936628
-0.7564180645746397,3.327519441430435
1.315943237103119,-1.6463959096180258
-2.9574801586661796,-3.900588964484215
0.4517593245684342,-2.8372005696213685
0.9723871911325891,-1.6836639000315803
-2.110150178574074,3.8955293800850024
5.096246705149928,-0.14308446422669271
-2.5028147823043376,4.576468035900374
-2.323414071561414,0.41308041125008954
0.4927204602954944,-0.5605248834518815
0.6043609617489096,-0.6100878051717733
1.2914083669719387,0.12041356309335705
2.4775046520253747,-0.8259798256717217
0.13400663675967098,0.18588256319002633
-1.962926784853915,-1.0423782259994323
-0.8724788150404071,2.254305757501601
-0.8263906186228314,0.12968376697220108
-0.3724393003366522,-0.6107840076483457
0.3133710817134391,0.6627928980193287
1.3832790307698586,-0.57826515125159
-0.4366751693275292,0.4095069491769143
-0.9129159176611129,1.100150212095302
3.457633922915542,-5.25966076335298
1.1984126371228652,-0.8642752555319426
-5.841084679068956,0.4618110952253933
0.99524978532257,-0.3483042315681737
-1.8570719935332227,-0.2488767741113874
2.663697112749219,-2.9431335627225637
0.8221954700660062,2.6636309203475426
2.1444567770815617,-0.6761317045874067
-0.4189329207334453,1.156195136044011
1.619563655788117,0.04299881891074667
1.8539101864082002,1.3223493015991175
-1.8164635270058063,6.372184624089943
1.2576699429476812,0.8682678506349188
-1.1736367554537699,-1.6212785868459485
2.022881799255094,-3.695736420348906
5.0949486090218885,0.4086802870558763
0.5110246977552555,-1.3803553338635697
-1.491155731269568,-0.30972077624279315
-2.212794534805297,-0.09997094903031103
3.359211143119527,-4.64606330837034
-3.5553035203447063,0.6702200948046622
-0.2662001070858872,1.366377914840863
-2.517878494277194,-0.3904172889977765
-0.5280923019643767,0.7425381656445448
-0.8238313923540235,-0.3212578166373031
-0.5600119988609358,2.2834124044644835
2.6114129002656346,-1.9697092362239959
-2.9270453632857394,-2.8614260157652263
-0.9069760589266509,-0.3419224385999741
1.2917358231977574,-2.0935302716844646
-0.6243599254809169,-0.24892839719574755
-0.23805842557962323,-0.08649792174896676
-0.7749498947168652,2.0032590333657128
-3.2599710269908515,5.928988878861065
2.4295783391863646,-3.517306535215895
1.2491455222383874,-2.7979929046238237
1.3431325318850205,1.7620870178227823
1.2137422120841663,-2.870566178942747
-1.3733598803010478,0.5101952152531906
0.6175461276418592,-0.39811528472680835
-0.3595926068585672,0.5654425959497484
1.7919299243937343,0.01454980414851278
3.192429449993599,4.432761519200945
2.100059105695873,-2.564327604030942
0.5818614617068812,0.7627548226393549
-1.7446067807590693,2.1425672016368633
-3.033342378477445,-0.4267344467194755
-0.3898556580134781,0.5387622350967513
-0.9136512834134802,-1.74279167972949
2.8638808787199492,0.7561769789187903
1.1460958849411036,-1.6154602814150876
-1.4261724701410692,2.6172521087324805
-0.06032459526318304,0.27403357038138015
-0.3642975617697568,-0.5436181816499874
-1.7133589274636127,-3.2592423338072236
0.840924633424684,0.7788434180081
-0.9246548161791124,0.21296246551693687
-1.9954689423878385,0.28026000362820236
-1.6203283112744886,-2.0277987121871326
-2.027785740235163,4.28371400831646
1.8185224711604893,0.21999404618628265
0.7470347558708686,-1.156166274361474
0.17542397354734512,0.3472337010553694
1.0063571636674418,-0.17155761013795323
-0.48910543354039576,-1.2013122685165727
-0.6030856382690694,0.5001894658158279
4.48796563836119,0.25548810110673303
0.12326658673542697,0.7519497022482373
-0.6045323756623819,0.11824032806864027
3.0105650729191344,1.8599992861668588
-0.6506901946659123,-0.5098906426516892
1.7784830970241845,2.4998258357611465
-2.2538253820545004,-0.20463827680975122
-0.629001987927379,-0.5340823374477855
0.2698143246929091,-1.4546662075763894
6.683415602066155,-1.751291522568248
1.1092128933170748,0.5050718478764019
-0.8241999157972546,1.181659875509568
0.4589049057382607,0.6641306195877549
2.6857037902922984,-4.652303435843267
0.5383484013581237,-0.48048861969217116
1.166108101127985,3.545219319141119
-1.7649928226223033,0.3340059871558396
-1.4732482435342555,0.6070943252629366
-0.27596321306621957,0.5159094596777306
-0.5700197476703864,-2.296280685118028
1.267824623761437,-0.2852909341829988
-4.532732333261739,-0.3489045889138879
-0.3213438720088911,-0.30728382639311785
0.43862584943495875,3.115224664177803
-2.917382926502656,0.34243556580165335
-5.998516567455377,0.1916330144851668
1.5688522745752673,-0.07107673829791787
3.4778458184639507,-0.36829960456351923
-5.253120033853919,-0.07141883194182935
-1.8893394529996381,2.8648475908073308
1.4825321791216233,3.183415934523805
0.8748312984736908,-0.43861771253944004
-1.2699083288415038,-2.0002177723865793
1.2401124058171031,-1.422816348251891
1.1065981712160176,0.7589264658606067
6.051382264991142,-0.4966515768334223
-2.4590333213899327,3.7879834763548526
-1.3921060388335378,1.754927872372775
0.7481706194011244,1.7070957755371445
-1.024674018685534,-2.9629993288268928
0.44764134923434995,0.4442584940271015
-3.555696316296367,0.4552284056104187
-6.280163976282666,0.49082106684704246
2.293984606306645,-0.12336676899584943
1.7414258329624834,-1.6653336066404065
-2.1913105744539934,2.7520444155664134
0.5503098909341915,-0.7271587491056617
-1.0736361119221633,1.9838147042238952
1.1139125267924577,-0.21600949242016365
0.5004835934799211,3.5790241983155644
3.256655405650675,0.7252719292853962
-2.9405359852866764,-0.7169724191553968
-4.766804228414419,-6.617251715569447
0.654241497062569,-0.43558336975909495
-0.926036339993572,0.02214203626226996
-0.7027050684774072,-1.3958638986745844
0.0018641859227545839,0.8045873901030542
0.9552696805166718,1.6784487651395303
-0.239718691586376,0.2512125028088971
0.5736911217215748,1.798569700065657
-1.8874969320330621,-0.16942355696957184
1.1585444002680738,-0.8603255054702417
-1.0554457575095908,-0.08046324913495906
-3.397877566611946,0.26046427371282865
2.9058536674659075,8.002165374905175
3.0710946655746927,-0.18041002208863297
-0.099266102526222,1.5902134326651356
-2.3586308805997303,-0.6208849200912478
-0.8737148679880112,0.9451418407866682
0.4065055551510308,0.8660162549907103
0.24067485222309518,0.10338782691824625
-0.0025295508719294073,-0.8857185837106987
1.204571863860949,-0.42605259751796964
1.3704618573662926,-1.7724146859007024
-0.15805021827478946,0.6794412906401593
0.31843523254923345,1.3033870687287448
-0.06352293300297046,-1.187768080383369
-1.2407635258286747,-0.778845147231371
-1.0910567181104671,2.331576621480614
-1.6245976750827456,-0.19184152368472032
-1.3756495214153244,-2.0152828414825046
0.6152097222563722,1.6315916435544016
-1.8886533515668043,0.6362376182696164
-0.8632509679315902,-0.12599293252371926
6.807121892533193,0.6575091717095974
4.430093804058493,-1.0796286526494163
1.040844948057222,-2.5822732812577622
-1.5023234026212882,3.066450785857947
-0.5812856626583517,2.7275233901324896
0.08701722339084134,0.08402955969915765
0.37861468838338286,1.0355926801154962
0.297608954380815,-0.449527241000994
-3.2538184128237835,0.2719442495469432
-3.487579903028885,-0.6042674812883907
1.3996626578721505,1.2656861552632486
-1.5210916358378426,-3.825409106179408
0.5692683706949265,-0.6834306885094132
3.6746323944315344,1.1109206973278223
2.4736123068632976,-4.577577763404509
0.3490671642297073,-0.8348510462198275
0.9890592931429025,0.013398381297904605
1.9369235189258043,2.0539727893061634
4.99500975695104,-0.9780541907939073
1.7968871572542657,4.68583505996964
0.08084487523351953,-0.05104103678534032
-1.8627447385354186,0.6461413009041238
-3.520945872085924,0.6204564481685076
-1.391024798116197,2.151272549325935
-3.0622474809758518,-4.258583387957908
0.037334202077629136,-1.7484421098673861
-0.06374472471478101,-0.044008744502141796
-0.7252458807320331,-1.3914017502523146
5.124836222115128,-0.5020633592438241
-1.4635627953622763,0.016377806913498827
2.723550629274362,-1.3152700354487648
-1.437524603505955,-1.7563299421703311
-0.9058031686463541,1.8167673099304817
1.0934413321626972,-1.1806351381556361
3.0731812083656402,3.59226545166236
-4.264898811648677,7.344051229258402
1.5954205984060834,4.453549065604339
0.016755688047945923,-2.2137010885943025
-1.2312577357314707,0.9070769462047077
0.5142985361771738,0.1539324968636131
0.8515376300920852,0.6865821477613571
0.6504770206716189,0.20424219750866016
-5.050582161016493,4.6594936735943495
-2.149994838990698,2.5132392097609397
-2.737835797522191,-4.365342918554459
-4.11282150346455,-0.6461095241867578
-0.7151770775710496,-2.3216375211021525
-1.1683370633033308,-0.5194189891382579
0.19026907991269187,1.0232075043337412
-2.1205715010487,-0.9927171432085462
0.3640520249306656,-0.3850541774354178
-0.14971501354873304,0.8109975325689952
1.019064328264101,-1.0530317457733949
0.14523815403210003,-0.17700251493833236
-0.17397542942811828,0.7682676030633849
-1.0736630184911602,1.557543393179986
-0.8525133377598109,-0.20197804935706146
1.4534979195447626,3.0178522245338097
1.568244950947699,-2.6576498357522094
0.6050660936735872,0.6287133964091893
-0.3440481753322506,-2.725454645446616
-1.0260530224985003,4.148210787746932
-1.207532533439846,2.5249332068577424
3.1103686240709782,-0.45177963995185993
-2.6017579514663365,-0.1424767359979799
-1.6358557539720364,-1.1697744294644103
-0.7826946154977669,-0.34827627259928073
-1.6157658397503893,-2.4437767905094807
1.4100111959056638,4.406460235705101
-0.6330647999707868,1.4287802714819793
-2.544805058137906,-4.226764238948411
0.9420906923700479,-2.4313484368067826
-1.2905399771736423,-3.2382290531599462
-0.2265040442693145,0.017927104723958975
-0.07730526817058146,1.8948721713861512
2.336934103879196,-1.1212898740011235
-1.120953288097872,-0.3259057833227622
1.2624572218852579,0.8941234425331219
-0.4301603202846147,0.4735806916340446
0.11831662539378088,0.28500361320995743
2.0660221363851923,-1.9906654827797068
-0.2079854158700072,1.0098804179943206
-2.468565501208096,2.823542186520644
-1.2137500849495875,2.1414971933638487
-2.3273777763416033,1.3474490894187259
-3.5862546492072123,3.809496791727217
-0.7034992869343225,0.9090526193392441
0.021284888209561748,0.761077291469009
2.1791716967097843,-0.017146043701310152
-0.6206310254623415,-1.9167375024602569
-0.014845943797342973,1.84322789558199
-2.949706592763423,-1.2314813568626937
-1.5157664916106817,-0.8433490610996437
-0.7365254903806774,0.9018960514120493
2.994023902084665,-0.2166968811482659
-1.4579177341497287,-2.152358812155057
0.4988212653159454,0.17071084678643023
0.4094011309475041,-3.560644690976769
-1.4295293189501228,-2.6062101455115734
3.6694026620582405,-5.605803161106853
-1.4641037499240441,-1.3381619401213345
-1.8457682591928468,-3.738371362696407
1.1177258254648055,1.6495434662984596
0.6999784089752996,2.9028888984810255
-0.5704793454179183,0.46438378093231963
0.897695635171453,1.9117443511671417
0.10505709046817528,-0.05912620428233201
-1.1687681344042833,0.22070777499314165
1.20975373272355,0.758278766794002
-0.4772885568672142,-0.9233607201094587
-4.155536006315253,5.539746964674405
-5.407238549447109,0.6290342487516013
1.2778859589573173,0.07751539819383546
1.4605409671083125,1.1058151249313979
1.8389285963201543,-0.32815380255478255
-0.45916676616490637,2.5986881709653953
0.3446823447684912,-0.2776293133557182
0.051373983503679596,-1.411084543740766
2.841759991694532,-0.09979567520598451
0.5326848012555577,1.6886458457689884
0.6855926313926022,-0.8142698790623311
2.148226838830729,-4.030283428134376
3.841655168783441,-1.3496745571848143
-0.07415317362768692,1.2618400212387029
-1.108102638840979,0.08842413358027525
-2.7587372923013893,0.9064938804194149
-3.5753377301129885,-0.0796169349882012
1.1923831262116313,0.8634304547614338
1.2789680184967183,1.385188055772583
-0.4002690252951392,-1.8831356690983856
0.11929953883306091,-0.05088080880135196
0.4454472591605812,1.0863658973930426
1.5805513518464436,-3.1126367637692436
-2.663417867771778,2.3986819955101826
